{"cameraMode":{"drawMode":0,"name":"Shaded","section":"Shading Mode"},"sceneLighting":true,"audioPlay":false,"sceneViewState":{"m_AlwaysRefresh":false,"showFog":true,"showSkybox":true,"showFlares":true,"showImageEffects":true,"showParticleSystems":true,"showVisualEffectGraphs":true,"m_FxEnabled":true},"in2DMode":false,"pivot":{"x":-34.065147399902347,"y":-11.501415252685547,"z":-26.312908172607423},"rotation":{"x":-0.04432404413819313,"y":0.9133789539337158,"z":-0.10347700864076615,"w":-0.3912397623062134},"size":29.126182556152345,"orthographic":false}